fecha,valor_real,valor_predicho,error,error_absoluto
2023-10-26,0.65,1.4338293,-0.7838293075561523,0.7838293075561523
2023-10-27,2.64,1.3411686,1.2988313579559327,1.2988313579559327
2023-10-28,2.1399999999999997,2.4516227,-0.3116227245330814,0.3116227245330814
2023-10-29,1.57,1.7469169,-0.17691689014434808,0.17691689014434808
2023-10-30,2.62,1.6764355,0.9435645294189454,0.9435645294189454
2023-10-31,2.7400000000000007,2.163508,0.5764920616149909,0.5764920616149909
2023-11-01,3.4799999999999995,2.1161551,1.3638448524475093,1.3638448524475093
2023-11-02,2.49,2.4107773,0.07922266960144064,0.07922266960144064
2023-11-03,2.5399999999999996,1.9040551,0.6359448814392086,0.6359448814392086
2023-11-04,2.55,2.1100967,0.4399033069610594,0.4399033069610594
2023-11-05,2.17,1.9805256,0.1894743871688842,0.1894743871688842
2023-11-06,1.22,1.8181537,-0.5981537389755249,0.5981537389755249
2023-11-07,1.33,1.4565564,-0.12655643939971917,0.12655643939971917
2023-11-08,1.2,1.5947348,-0.39473478794097905,0.39473478794097905
2023-11-09,1.3700000000000003,1.5317684,-0.16176844120025602,0.16176844120025602
2023-11-10,0.98,1.5734917,-0.5934916925430298,0.5934916925430298
2023-11-11,2.39,1.3632743,1.026725664138794,1.026725664138794
2023-11-12,1.8899999999999997,2.102632,-0.21263204574584993,0.21263204574584993
2023-11-13,2.49,1.6366608,0.8533391857147219,0.8533391857147219
2023-11-14,2.35,2.239619,0.11038098335266122,0.11038098335266122
2023-11-15,2.13,1.8407965,0.28920352935791005,0.28920352935791005
2023-11-16,1.59,1.8131628,-0.22316280364990226,0.22316280364990226
2023-11-17,1.34,1.6007572,-0.2607572412490844,0.2607572412490844
2023-11-18,2.0299999999999994,1.601435,0.4285650539398187,0.4285650539398187
2023-11-19,1.41,1.8948462,-0.48484620094299324,0.48484620094299324
2023-11-20,2.0099999999999993,1.5956231,0.4143768644332879,0.4143768644332879
2023-11-21,3.04,1.8839122,1.156087794303894,1.156087794303894
2023-11-22,2.22,2.3609333,-0.14093330383300762,0.14093330383300762
2023-11-23,2.1899999999999995,1.6164316,0.573568406105041,0.573568406105041
2023-11-24,1.28,1.8866916,-0.6066915702819824,0.6066915702819824
2023-11-25,1.49,1.4111798,0.07882021903991698,0.07882021903991698
2023-11-26,1.4399999999999997,1.6973175,-0.25731748104095487,0.25731748104095487
2023-11-27,1.48,1.5470711,-0.06707109928131105,0.06707109928131105
2023-11-28,2.2799999999999994,1.5617486,0.7182513761520379,0.7182513761520379
2023-11-29,1.29,1.8783624,-0.5883624172210693,0.5883624172210693
2023-11-30,2.27,1.3900831,0.8799169254302979,0.8799169254302979
2023-12-01,2.09,2.0628014,0.027198638916015483,0.027198638916015483
2023-12-02,1.13,1.7063915,-0.5763914537429811,0.5763914537429811
2023-12-03,1.8999999999999997,1.3896333,0.5103667020797726,0.5103667020797726
2023-12-04,2.1599999999999997,1.890435,0.26956501960754364,0.26956501960754364
2023-12-05,2.0099999999999993,1.8042297,0.20577026367187434,0.20577026367187434
2023-12-06,3.11,1.71502,1.3949800586700438,1.3949800586700438
2023-12-07,1.18,2.2879682,-1.107968158721924,1.107968158721924
2023-12-08,1.42,1.273365,0.1466349792480468,0.1466349792480468
2023-12-09,0.89,1.4780712,-0.5880712127685547,0.5880712127685547
2023-12-10,3.04,1.3054973,1.7345027112960816,1.7345027112960816
2023-12-11,1.3499999999999999,2.451831,-1.101831102371216,1.101831102371216
2023-12-12,1.69,1.3521281,0.3378718519210815,0.3378718519210815
2023-12-13,2.2,1.5074646,0.6925353527069094,0.6925353527069094
2023-12-14,2.13,1.8694147,0.26058531284332265,0.26058531284332265
2023-12-15,1.7,1.6884824,0.011517596244811967,0.011517596244811967
2023-12-16,2.29,1.4913715,0.7986284875869751,0.7986284875869751
2023-12-17,1.54,1.8818982,-0.3418981647491455,0.3418981647491455
2023-12-18,2.18,1.3830187,0.7969812679290773,0.7969812679290773
2023-12-19,1.51,1.8929012,-0.3829011821746826,0.3829011821746826
2023-12-20,1.61,1.4733245,0.13667546272277842,0.13667546272277842
2023-12-21,2.15,1.6567513,0.4932487249374389,0.4932487249374389
2023-12-22,2.4799999999999995,1.8308613,0.6491386699676509,0.6491386699676509
2023-12-23,1.38,1.8838364,-0.5038363885879518,0.5038363885879518
2023-12-24,2.1599999999999997,1.4217337,0.7382662630081174,0.7382662630081174
2023-12-25,1.67,1.9652065,-0.2952065038681031,0.2952065038681031
2023-12-26,1.72,1.4879004,0.23209962368011472,0.23209962368011472
2023-12-27,1.5600000000000003,1.5950446,-0.03504461288452121,0.03504461288452121
2023-12-28,1.19,1.4148514,-0.22485142707824712,0.22485142707824712
2023-12-29,1.61,1.3844378,0.22556220054626475,0.22556220054626475
2023-12-30,1.2,1.6141393,-0.41413931846618657,0.41413931846618657
2023-12-31,1.62,1.3875343,0.2324657392501832,0.2324657392501832
2024-01-01,0.7199999999999999,1.6389756,-0.9189756202697755,0.9189756202697755
2024-01-02,1.8499999999999996,1.3658779,0.4841221332550045,0.4841221332550045
2024-01-03,1.2,1.8271091,-0.6271090984344483,0.6271090984344483
2024-01-04,2.6,1.4046361,1.1953638553619386,1.1953638553619386
2024-01-05,2.89,2.0881639,0.8018361473083497,0.8018361473083497
2024-01-06,2.2099999999999995,2.0801895,0.1298105335235591,0.1298105335235591
2024-01-07,1.8700000000000003,1.8371127,0.03288733482360873,0.03288733482360873
2024-01-08,3.53,1.872192,1.6578079748153685,1.6578079748153685
2024-01-09,1.7999999999999998,2.5233362,-0.723336172103882,0.723336172103882
2024-01-10,2.68,1.5291328,1.150867156982422,1.150867156982422
2024-01-11,2.5699999999999994,2.245277,0.32472307205200135,0.32472307205200135
2024-01-12,1.32,1.9939442,-0.6739441680908203,0.6739441680908203
2024-01-13,1.8899999999999997,1.5306357,0.35936428546905486,0.35936428546905486
2024-01-14,1.2,1.897437,-0.6974369764328003,0.6974369764328003
2024-01-15,1.67,1.541463,0.12853698253631585,0.12853698253631585
2024-01-16,1.38,1.6955032,-0.31550323486328136,0.31550323486328136
2024-01-17,1.27,1.7131488,-0.443148832321167,0.443148832321167
2024-01-18,1.51,1.6318018,-0.12180184364318847,0.12180184364318847
2024-01-19,2.5199999999999996,1.7415507,0.7784493160247798,0.7784493160247798
2024-01-20,1.8600000000000003,2.215135,-0.3551350975036618,0.3551350975036618
2024-01-21,0.99,1.7286692,-0.7386691665649414,0.7386691665649414
2024-01-22,1.62,1.4619045,0.15809547424316417,0.15809547424316417
2024-01-23,1.8600000000000003,1.7849854,0.07501457691192659,0.07501457691192659
2024-01-24,2.2,1.7511758,0.4488242387771608,0.4488242387771608
2024-01-25,1.52,1.9354059,-0.4154058504104614,0.4154058504104614
2024-01-26,2.0999999999999996,1.647101,0.45289895534515345,0.45289895534515345
2024-01-27,1.48,1.9375885,-0.4575884532928467,0.4575884532928467
2024-01-28,3.27,1.617423,1.6525769424438477,1.6525769424438477
2024-01-29,2.39,2.4229925,-0.0329924678802489,0.0329924678802489
2024-01-30,1.07,1.8280529,-0.7580528783798217,0.7580528783798217
2024-01-31,0.71,1.5857702,-0.8757702493667603,0.8757702493667603
2024-02-01,1.23,1.3999044,-0.16990437030792238,0.16990437030792238
2024-02-02,2.42,1.553503,0.8664969635009765,0.8664969635009765
2024-02-03,3.73,1.996071,1.7339290189743042,1.7339290189743042
2024-02-04,2.1599999999999997,2.6163952,-0.4563952350616458,0.4563952350616458
2024-02-05,2.24,1.806458,0.433542003631592,0.433542003631592
2024-02-06,1.7499999999999998,2.02568,-0.2756800651550295,0.2756800651550295
2024-02-07,1.59,1.8149631,-0.22496310234069816,0.22496310234069816
2024-02-08,1.9199999999999995,1.7660279,0.15397207260131784,0.15397207260131784
2024-02-09,1.51,1.8205081,-0.3105081224441528,0.3105081224441528
2024-02-10,2.33,1.6871914,0.642808632850647,0.642808632850647
2024-02-11,2.8799999999999994,2.0202198,0.8597801971435541,0.8597801971435541
2024-02-12,1.9199999999999995,2.3003354,-0.3803354072570806,0.3803354072570806
2024-02-13,1.4,1.9368643,-0.5368642568588258,0.5368642568588258
2024-02-14,1.52,1.7573134,-0.23731337070465086,0.23731337070465086
2024-02-15,1.24,1.7010441,-0.46104408264160157,0.46104408264160157
2024-02-16,2.27,1.5554341,0.7145658922195435,0.7145658922195435
2024-02-17,2.29,1.8348163,0.45518366336822513,0.45518366336822513
2024-02-18,1.8600000000000003,1.7637558,0.09624420166015657,0.09624420166015657
2024-02-19,1.4500000000000002,1.5836371,-0.1336371183395384,0.1336371183395384
2024-02-20,2.0999999999999996,1.7247441,0.37525591850280726,0.37525591850280726
2024-02-21,1.0,2.009537,-1.0095369815826416,1.0095369815826416
2024-02-22,1.68,1.59059,0.08940999984741205,0.08940999984741205
2024-02-23,1.39,1.7926848,-0.40268479347229014,0.40268479347229014
2024-02-24,1.8999999999999997,1.7217474,0.17825260162353485,0.17825260162353485
2024-02-25,1.57,1.7853583,-0.2153583097457885,0.2153583097457885
2024-02-26,1.57,1.764078,-0.19407802104949945,0.19407802104949945
2024-02-27,1.4,1.8222739,-0.4222738504409791,0.4222738504409791
2024-02-28,1.38,1.8031963,-0.4231963109970094,0.4231963109970094
2024-02-29,2.31,1.7765645,0.5334355211257935,0.5334355211257935
2024-03-01,1.8799999999999997,2.083736,-0.2037359428405765,0.2037359428405765
2024-03-02,1.7899999999999998,1.9358,-0.1457999563217165,0.1457999563217165
2024-03-03,2.0999999999999996,1.9179876,0.18201241493225062,0.18201241493225062
2024-03-04,2.2299999999999995,2.0151384,0.21486161231994583,0.21486161231994583
2024-03-05,1.8199999999999998,2.0637374,-0.24373739242553727,0.24373739242553727
2024-03-06,1.7899999999999998,1.9700941,-0.18009408473968525,0.18009408473968525
2024-03-07,2.6999999999999997,1.9634033,0.7365966558456418,0.7365966558456418
2024-03-08,2.49,2.2739134,0.2160866165161135,0.2160866165161135
2024-03-09,1.8099999999999998,2.1678596,-0.35785955429077165,0.35785955429077165
2024-03-10,2.0099999999999993,2.003635,0.006365070343016921,0.006365070343016921
2024-03-11,1.4500000000000002,1.979153,-0.5291530370712278,0.5291530370712278
2024-03-12,1.8399999999999996,1.789979,0.05002101898193323,0.05002101898193323
2024-03-13,1.8499999999999996,1.9497476,-0.09974756240844762,0.09974756240844762
2024-03-14,2.11,1.9752146,0.13478539943695056,0.13478539943695056
2024-03-15,1.54,2.1060767,-0.566076717376709,0.566076717376709
2024-03-16,1.38,1.9326726,-0.5526726198196412,0.5526726198196412
2024-03-17,1.8700000000000003,1.8717167,-0.0017167377471920542,0.0017167377471920542
2024-03-18,2.35,2.0272737,0.32272634506225595,0.32272634506225595
2024-03-19,1.8099999999999998,2.184376,-0.3743760013580324,0.3743760013580324
2024-03-20,1.7699999999999998,1.959729,-0.18972895622253438,0.18972895622253438
2024-03-21,2.91,2.0413225,0.8686775302886964,0.8686775302886964
2024-03-22,2.4999999999999996,2.4690263,0.030973672866820845,0.030973672866820845
2024-03-23,1.41,2.233002,-0.8230019474029542,0.8230019474029542
2024-03-24,3.7400000000000007,1.9305885,1.8094115161895759,1.8094115161895759
2024-03-25,4.61,2.7735927,1.8364072895050052,1.8364072895050052
2024-03-26,2.83,3.3216987,-0.4916986656188964,0.4916986656188964
2024-03-27,2.39,2.3987684,-0.008768424987792844,0.008768424987792844
2024-03-28,2.44,2.2790604,0.1609396362304687,0.1609396362304687
2024-03-29,2.04,2.1505635,-0.1105634784698486,0.1105634784698486
2024-03-30,1.8899999999999997,2.0176773,-0.12767730712890657,0.12767730712890657
2024-03-31,1.6399999999999997,2.0228271,-0.3828271484375003,0.3828271484375003
2024-04-01,2.91,1.9670917,0.9429083204269411,0.9429083204269411
2024-04-02,3.08,2.4009278,0.6790722179412843,0.6790722179412843
2024-04-03,2.4,2.4710405,-0.0710404872894288,0.0710404872894288
2024-04-04,2.18,2.1920967,-0.012096710205077965,0.012096710205077965
2024-04-05,1.96,2.1170137,-0.157013692855835,0.157013692855835
2024-04-06,2.34,2.0673928,0.2726071739196776,0.2726071739196776
2024-04-07,1.61,2.1914172,-0.5814172172546386,0.5814172172546386
2024-04-08,2.68,1.9588633,0.7211367416381838,0.7211367416381838
2024-04-09,3.63,2.3356714,1.2943285751342772,1.2943285751342772
2024-04-10,2.53,2.7869096,-0.2569095802307131,0.2569095802307131
2024-04-11,3.13,2.224548,0.905451898574829,0.905451898574829
2024-04-12,2.4,2.4875798,-0.08757982254028329,0.08757982254028329
2024-04-13,2.78,2.1629903,0.6170096683502195,0.6170096683502195
2024-04-14,1.9299999999999995,2.4204037,-0.49040371894836476,0.49040371894836476
2024-04-15,1.6,2.0682087,-0.4682086944580077,0.4682086944580077
2024-04-16,2.06,1.9745275,0.08547252178192144,0.08547252178192144
2024-04-17,1.28,2.1001163,-0.8201162528991699,0.8201162528991699
2024-04-18,1.27,1.8151896,-0.5451895999908447,0.5451895999908447
2024-04-19,1.32,1.8469384,-0.5269383716583251,0.5269383716583251
2024-04-20,2.08,1.8694129,0.2105871009826661,0.2105871009826661
2024-04-21,2.51,2.1374497,0.3725502586364744,0.3725502586364744
2024-04-22,2.29,2.299001,-0.009000978469848597,0.009000978469848597
2024-04-23,1.9299999999999995,2.1660004,-0.236000366210938,0.236000366210938
2024-04-24,1.67,2.1042087,-0.4342087078094483,0.4342087078094483
2024-04-25,1.52,2.0224833,-0.5024833488464355,0.5024833488464355
2024-04-26,2.75,1.9722525,0.7777475118637085,0.7777475118637085
2024-04-27,2.49,2.516246,-0.026246080398559357,0.026246080398559357
2024-04-28,2.2599999999999993,2.2532833,0.0067167377471917256,0.0067167377471917256
2024-04-29,1.6399999999999997,2.2167554,-0.5767553901672366,0.5767553901672366
2024-04-30,0.98,2.0380297,-1.058029670715332,1.058029670715332
2024-05-01,2.2999999999999994,1.8174646,0.48253540992736754,0.48253540992736754
2024-05-02,2.5199999999999996,2.1997914,0.3202085685729976,0.3202085685729976
2024-05-03,1.8099999999999998,2.3737545,-0.5637545013427736,0.5637545013427736
2024-05-04,1.61,2.1069255,-0.49692548751831045,0.49692548751831045
2024-05-05,1.7699999999999998,2.059336,-0.28933594703674337,0.28933594703674337
2024-05-06,2.1599999999999997,2.0774293,0.08257070541381806,0.08257070541381806
2024-05-07,1.8999999999999997,2.2290578,-0.32905778884887726,0.32905778884887726
2024-05-08,1.4500000000000002,2.197056,-0.7470560550689695,0.7470560550689695
2024-05-09,1.59,2.0967834,-0.5067833995819091,0.5067833995819091
2024-05-10,1.53,2.1298127,-0.5998127174377441,0.5998127174377441
2024-05-11,1.25,2.129948,-0.8799479007720947,0.8799479007720947
2024-05-12,2.53,1.9550092,0.5749907779693602,0.5749907779693602
2024-05-13,2.44,2.358038,0.08196205139160151,0.08196205139160151
2024-05-14,1.68,2.3757734,-0.6957734298706055,0.6957734298706055
2024-05-15,2.31,2.0943232,0.2156768417358399,0.2156768417358399
2024-05-16,2.4799999999999995,2.3007162,0.17928383827209426,0.17928383827209426
2024-05-17,2.0999999999999996,2.3480456,-0.2480455875396732,0.2480455875396732
2024-05-18,2.33,2.238232,0.0917681026458741,0.0917681026458741
2024-05-19,2.82,2.2508695,0.5691304874420164,0.5691304874420164
2024-05-20,1.8799999999999997,2.4826355,-0.6026354980468753,0.6026354980468753
2024-05-21,1.9099999999999997,2.126503,-0.21650299072265655,0.21650299072265655
2024-05-22,1.54,2.1401453,-0.6001453018188476,0.6001453018188476
2024-05-23,2.37,1.9663774,0.4036226224899293,0.4036226224899293
2024-05-24,1.38,2.3111024,-0.9311023902893067,0.9311023902893067
2024-05-25,1.7499999999999998,1.9625778,-0.21257781982421897,0.21257781982421897
2024-05-26,2.44,2.1123152,0.3276848220825195,0.3276848220825195
2024-05-27,2.3199999999999994,2.381662,-0.06166189193725646,0.06166189193725646
2024-05-28,1.47,2.3225727,-0.8525727081298828,0.8525727081298828
2024-05-29,1.8899999999999997,2.0236163,-0.1336163139343265,0.1336163139343265
2024-05-30,1.72,2.0845838,-0.36458375930786135,0.36458375930786135
2024-05-31,1.8899999999999997,1.996382,-0.10638199806213411,0.10638199806213411
2024-06-01,1.73,2.1355624,-0.40556241989135744,0.40556241989135744
2024-06-02,1.3,2.0483449,-0.7483448505401611,0.7483448505401611
2024-06-03,1.4399999999999997,1.8852758,-0.4452758407592776,0.4452758407592776
2024-06-04,1.6500000000000001,1.912673,-0.26267299652099596,0.26267299652099596
2024-06-05,1.73,1.9938985,-0.2638985109329224,0.2638985109329224
2024-06-06,2.6,2.0510685,0.5489314556121827,0.5489314556121827
2024-06-07,2.27,2.4965293,-0.22652934074401854,0.22652934074401854
2024-06-08,1.23,2.177421,-0.9474210929870606,0.9474210929870606
2024-06-09,1.7799999999999998,1.876454,-0.09645399570465107,0.09645399570465107
2024-06-10,2.44,1.9393284,0.5006715679168701,0.5006715679168701
2024-06-11,3.08,2.2221067,0.8578933048248292,0.8578933048248292
2024-06-12,3.1200000000000006,2.5359683,0.5840316963195806,0.5840316963195806
2024-06-13,2.68,2.5178626,0.162137441635132,0.162137441635132
2024-06-14,2.78,2.2838097,0.49619033813476543,0.49619033813476543
2024-06-15,3.14,2.3968217,0.7431782627105714,0.7431782627105714
2024-06-16,3.0,2.4712403,0.5287597179412842,0.5287597179412842
2024-06-17,2.39,2.3865993,0.003400697708130007,0.003400697708130007
2024-06-18,2.39,2.1314495,0.25855053901672376,0.25855053901672376
2024-06-19,2.35,2.1710515,0.17894849777221689,0.17894849777221689
2024-06-20,2.35,1.8298665,0.5201334714889527,0.5201334714889527
2024-06-21,5.17,1.823512,3.3464880418777465,3.3464880418777465
2024-06-22,2.4499999999999997,3.7888718,-1.338871765136719,1.338871765136719
2024-06-23,0.6800000000000002,1.7586637,-1.0786636543273924,1.0786636543273924
2024-06-24,1.32,1.4339471,-0.11394708633422845,0.11394708633422845
2024-06-25,2.4,1.355797,1.044202947616577,1.044202947616577
2024-06-26,1.38,2.1336718,-0.7536717605590821,0.7536717605590821
2024-06-27,1.5499999999999998,1.4782887,0.07171134948730451,0.07171134948730451
2024-06-28,1.13,1.7536153,-0.6236152601242066,0.6236152601242066
2024-06-29,2.2299999999999995,1.4536316,0.7763683605194087,0.7763683605194087
2024-06-30,2.98,1.9794253,1.000574688911438,1.000574688911438
2024-07-01,4.49,2.366845,2.123155107498169,2.123155107498169
2024-07-02,3.27,3.36977,-0.09977005004882811,0.09977005004882811
2024-07-03,1.48,1.8933506,-0.4133506011962891,0.4133506011962891
2024-07-04,1.16,1.4864103,-0.32641026020050057,0.32641026020050057
2024-07-05,2.27,1.312084,0.9579160404205322,0.9579160404205322
2024-07-06,2.25,2.129362,0.12063789367675781,0.12063789367675781
2024-07-07,1.11,1.8445408,-0.7345408344268798,0.7345408344268798
2024-07-08,1.5600000000000003,1.4218372,0.13816278934478787,0.13816278934478787
2024-07-09,2.96,1.6896081,1.270391902923584,1.270391902923584
2024-07-10,3.18,2.400908,0.7790920066833498,0.7790920066833498
2024-07-11,1.99,2.4253392,-0.4353392219543457,0.4353392219543457
2024-07-12,2.04,1.578605,0.46139494419097904,0.46139494419097904
2024-07-13,2.2799999999999994,1.6769181,0.6030818510055536,0.6030818510055536
2024-07-14,2.84,1.8544555,0.9855445289611815,0.9855445289611815
2024-07-15,1.12,2.2750962,-1.1550961780548095,1.1550961780548095
2024-07-16,1.28,1.3561244,-0.07612440109252927,0.07612440109252927
2024-07-17,1.33,1.5565754,-0.22657541751861565,0.22657541751861565
2024-07-18,1.1,1.3500175,-0.2500175476074218,0.2500175476074218
2024-07-19,1.5600000000000003,1.2989495,0.2610505199432376,0.2610505199432376
2024-07-20,2.22,1.7553434,0.464656562805176,0.464656562805176
2024-07-21,2.5900000000000003,2.0333955,0.5566044712066653,0.5566044712066653
2024-07-22,1.51,1.9570351,-0.4470350646972656,0.4470350646972656
2024-07-23,0.9300000000000002,1.4437808,-0.5137807798385619,0.5137807798385619
2024-07-24,1.46,1.2750399,0.18496008872985836,0.18496008872985836
2024-07-25,1.24,1.7426387,-0.5026387071609497,0.5026387071609497
2024-07-26,1.38,1.3754747,0.0045253086090086825,0.0045253086090086825
2024-07-27,1.16,1.487088,-0.32708796501159676,0.32708796501159676
2024-07-28,1.7799999999999998,1.3784305,0.401569514274597,0.401569514274597
2024-07-29,2.5199999999999996,1.8813264,0.6386735630035396,0.6386735630035396
2024-07-30,2.35,2.04893,0.3010700702667237,0.3010700702667237
2024-07-31,1.8099999999999998,1.9398581,-0.12985807895660417,0.12985807895660417
2024-08-01,2.9000000000000004,1.610379,1.2896210193634037,1.2896210193634037
2024-08-02,2.6999999999999997,2.4280255,0.2719745159149167,0.2719745159149167
2024-08-03,2.13,1.9064342,0.22356582164764394,0.22356582164764394
2024-08-04,2.09,1.7195053,0.3704946899414061,0.3704946899414061
2024-08-05,2.04,1.859215,0.18078497886657718,0.18078497886657718
2024-08-06,1.43,1.7945,-0.36449999332427985,0.36449999332427985
2024-08-07,0.96,1.3934054,-0.43340543746948246,0.43340543746948246
2024-08-08,1.28,1.3114077,-0.031407685279846165,0.031407685279846165
2024-08-09,2.4499999999999997,1.5309893,0.9190107107162473,0.9190107107162473
2024-08-10,2.6999999999999997,2.1630516,0.5369483947753904,0.5369483947753904
2024-08-11,1.57,2.112712,-0.5427119064331054,0.5427119064331054
2024-08-12,1.7999999999999998,1.4857694,0.31423060894012433,0.31423060894012433
2024-08-13,2.09,1.8191612,0.2708388233184813,0.2708388233184813
2024-08-14,2.29,1.7711385,0.5188614511489869,0.5188614511489869
2024-08-15,2.5699999999999994,1.8308808,0.739119238853454,0.739119238853454
2024-08-16,1.7599999999999998,2.089559,-0.32955907821655295,0.32955907821655295
2024-08-17,1.7599999999999998,1.5035335,0.2564665174484251,0.2564665174484251
2024-08-18,3.03,1.5370941,1.4929058837890623,1.4929058837890623
2024-08-19,2.84,2.4096293,0.4303706550598143,0.4303706550598143
2024-08-20,3.02,2.0397563,0.9802437019348145,0.9802437019348145
2024-08-21,2.5399999999999996,2.332418,0.20758203506469686,0.20758203506469686
2024-08-22,2.67,1.9345933,0.7354066801071166,0.7354066801071166
2024-08-23,2.46,2.098141,0.3618590450286865,0.3618590450286865
2024-08-24,1.71,1.8851268,-0.1751268291473389,0.1751268291473389
2024-08-25,2.05,1.4300085,0.6199914693832396,0.6199914693832396
2024-08-26,2.02,1.863536,0.15646399974823,0.15646399974823
2024-08-27,2.35,1.7225336,0.6274664163589478,0.6274664163589478
2024-08-28,2.09,2.0302846,0.059715356826782084,0.059715356826782084
2024-08-29,1.11,1.7039104,-0.5939103507995604,0.5939103507995604
2024-08-30,0.81,1.3511006,-0.5411005640029907,0.5411005640029907
2024-08-31,1.3700000000000003,1.2903602,0.07963978767395052,0.07963978767395052
2024-09-01,1.59,1.4949797,0.09502026081085213,0.09502026081085213
2024-09-02,1.41,1.6065029,-0.1965028905868531,0.1965028905868531
2024-09-03,1.53,1.5350147,-0.005014748573303196,0.005014748573303196
2024-09-04,1.8299999999999996,1.369532,0.4604680109024044,0.4604680109024044
2024-09-05,2.18,1.3534601,0.8265399265289308,0.8265399265289308
2024-09-06,2.4299999999999997,2.0593202,0.37067978858947725,0.37067978858947725
2024-09-07,3.45,2.2711313,1.1788687229156496,1.1788687229156496
2024-09-08,3.07,2.6861997,0.38380033493041976,0.38380033493041976
2024-09-09,1.5499999999999998,2.056674,-0.5066740036010744,0.5066740036010744
2024-09-10,1.13,1.4988679,-0.36886786937713634,0.36886786937713634
2024-09-11,0.47,1.4298766,-0.9598765659332276,0.9598765659332276
2024-09-12,1.43,1.2071296,0.22287040233612054,0.22287040233612054
2024-09-13,0.79,1.6223176,-0.8323175525665283,0.8323175525665283
2024-09-14,0.65,1.2621696,-0.612169599533081,0.612169599533081
2024-09-15,1.06,1.2561804,-0.1961804056167602,0.1961804056167602
2024-09-16,1.0,1.4226627,-0.42266273498535156,0.42266273498535156
2024-09-17,0.96,1.4873301,-0.5273300790786744,0.5273300790786744
2024-09-18,1.24,1.3197644,-0.07976437568664552,0.07976437568664552
2024-09-19,1.21,1.5262543,-0.31625429630279545,0.31625429630279545
2024-09-20,1.61,1.4458008,0.1641992187500001,0.1641992187500001
2024-09-21,1.57,1.7547508,-0.18475084781646722,0.18475084781646722
2024-09-22,2.08,1.6338876,0.4461123514175416,0.4461123514175416
2024-09-23,2.7899999999999996,1.9456648,0.844335236549377,0.844335236549377
2024-09-24,3.09,2.1674988,0.922501173019409,0.922501173019409
2024-09-25,3.36,2.3106458,1.0493541812896727,1.0493541812896727
2024-09-26,2.99,2.3494012,0.6405987644195559,0.6405987644195559
2024-09-27,2.82,2.2217953,0.5982046794891356,0.5982046794891356
2024-09-28,1.3,2.0183918,-0.7183918476104736,0.7183918476104736
2024-09-29,2.4299999999999997,1.3625586,1.0674413967132566,1.0674413967132566
2024-09-30,2.0999999999999996,2.3812313,-0.2812313079833988,0.2812313079833988
2024-10-01,3.17,1.4674902,1.7025098037719726,1.7025098037719726
2024-10-02,2.8100000000000005,2.634439,0.17556100845336964,0.17556100845336964
2024-10-03,2.11,1.8443093,0.2656906700134276,0.2656906700134276
2024-10-04,2.1399999999999997,1.7191073,0.420892729759216,0.420892729759216
2024-10-05,1.69,1.8730187,-0.18301874160766607,0.18301874160766607
2024-10-06,2.02,1.534485,0.48551501750946047,0.48551501750946047
2024-10-07,1.98,1.8330448,0.14695523262023924,0.14695523262023924
2024-10-08,1.8700000000000003,1.6735383,0.19646167278289828,0.19646167278289828
2024-10-09,2.1199999999999997,1.6124129,0.5075870704650876,0.5075870704650876
2024-10-10,2.4,1.8017522,0.5982477903366088,0.5982477903366088
2024-10-11,2.5199999999999996,1.9512553,0.568744678497314,0.568744678497314
2024-10-12,2.49,1.9350678,0.5549322271347048,0.5549322271347048
2024-10-13,1.58,1.8808044,-0.300804419517517,0.300804419517517
2024-10-14,1.67,1.5284662,0.14153377532958977,0.14153377532958977
2024-10-15,1.1,1.6720936,-0.572093629837036,0.572093629837036
2024-10-16,2.2799999999999994,1.3638535,0.9161465454101556,0.9161465454101556
2024-10-17,2.56,2.0805442,0.4794557666778565,0.4794557666778565
2024-10-18,2.35,1.8973615,0.45263848304748544,0.45263848304748544
2024-10-19,3.2799999999999994,1.9014137,1.3785863208770746,1.3785863208770746
2024-10-20,3.49,2.5564504,0.9335496330261233,0.9335496330261233
2024-10-21,3.22,2.3035228,0.9164771747589113,0.9164771747589113
2024-10-22,2.53,2.4316466,0.09835341453552227,0.09835341453552227
2024-10-23,2.36,1.7331375,0.6268625116348265,0.6268625116348265
2024-10-24,1.7999999999999998,1.9513967,-0.15139670372009295,0.15139670372009295
2024-10-25,2.05,1.5961436,0.4538563966751097,0.4538563966751097
2024-10-26,2.92,1.7951543,1.124845666885376,1.124845666885376
2024-10-27,2.62,2.2144449,0.405555124282837,0.405555124282837
2024-10-28,1.9099999999999997,1.8777229,0.032277140617370303,0.032277140617370303
2024-10-29,0.76,1.6342498,-0.8742498064041138,0.8742498064041138
2024-10-30,0.96,1.3369911,-0.37699107170104984,0.37699107170104984
2024-10-31,1.05,1.3735567,-0.32355673313140865,0.32355673313140865
2024-11-01,1.97,1.4252982,0.5447017860412597,0.5447017860412597
2024-11-02,1.1,1.8813641,-0.7813641071319579,0.7813641071319579
2024-11-03,1.54,1.3963034,0.14369658470153812,0.14369658470153812
2024-11-04,1.7599999999999998,1.6712923,0.088707695007324,0.088707695007324
2024-11-05,0.9699999999999999,1.663477,-0.6934769439697267,0.6934769439697267
2024-11-06,1.06,1.3697766,-0.30977660655975336,0.30977660655975336
2024-11-07,0.89,1.5257199,-0.6357198810577392,0.6357198810577392
2024-11-08,1.11,1.425203,-0.31520296573638906,0.31520296573638906
2024-11-09,1.7799999999999998,1.4976435,0.28235652923583965,0.28235652923583965
2024-11-10,1.8600000000000003,1.7902882,0.06971179008483919,0.06971179008483919
2024-11-11,1.8899999999999997,1.7622854,0.12771464824676482,0.12771464824676482
2024-11-12,1.16,1.8019627,-0.6419627332687379,0.6419627332687379
2024-11-13,1.8899999999999997,1.4824183,0.4075817012786862,0.4075817012786862
2024-11-14,2.92,1.8873925,1.032607479095459,1.032607479095459
2024-11-15,1.17,2.222237,-1.0522371101379395,1.0522371101379395
2024-11-16,0.9300000000000002,1.450434,-0.5204339694976805,0.5204339694976805
2024-11-17,1.5499999999999998,1.4546039,0.09539608955383283,0.09539608955383283
2024-11-18,1.7999999999999998,1.6476425,0.15235750675201398,0.15235750675201398
2024-11-19,1.41,1.6485832,-0.23858317375183113,0.23858317375183113
2024-11-20,3.4999999999999996,1.4869186,2.0130814313888545,2.0130814313888545
2024-11-21,2.85,2.9025993,-0.052599334716796786,0.052599334716796786
2024-11-22,1.8199999999999998,1.776676,0.043323941230773766,0.043323941230773766
2024-11-23,1.47,1.6709975,-0.20099750041961673,0.20099750041961673
2024-11-24,1.31,1.6412688,-0.3312688493728637,0.3312688493728637
2024-11-25,1.7899999999999998,1.6084267,0.18157330989837628,0.18157330989837628
2024-11-26,2.27,1.7597083,0.5102917146682739,0.5102917146682739
2024-11-27,1.08,1.8549937,-0.7749937009811401,0.7749937009811401
2024-11-28,1.41,1.50656,-0.09655996799469002,0.09655996799469002
2024-11-29,2.3199999999999994,1.6376894,0.6823106479644769,0.6823106479644769
2024-11-30,1.62,1.9186474,-0.2986474084854125,0.2986474084854125
2024-12-01,2.11,1.5572376,0.5527623748779296,0.5527623748779296
2024-12-02,2.6999999999999997,1.8669333,0.833066654205322,0.833066654205322
2024-12-03,2.82,2.1165123,0.7034877014160155,0.7034877014160155
2024-12-04,1.26,2.0897958,-0.8297958278656006,0.8297958278656006
2024-12-05,1.7799999999999998,1.460769,0.31923094272613506,0.31923094272613506
2024-12-06,2.36,1.8067064,0.5532935714721678,0.5532935714721678
2024-12-07,1.39,1.9226083,-0.532608256340027,0.532608256340027
2024-12-08,1.21,1.4265338,-0.21653381824493412,0.21653381824493412
2024-12-09,0.98,1.4381918,-0.4581917715072632,0.4581917715072632
2024-12-10,1.29,1.3778278,-0.08782776355743405,0.08782776355743405
2024-12-11,4.17,1.5728997,2.5971003007888793,2.5971003007888793
2024-12-12,1.4500000000000002,2.9752471,-1.5252471446990965,1.5252471446990965
2024-12-13,1.3600000000000003,1.5314178,-0.17141784667968718,0.17141784667968718
2024-12-14,2.1599999999999997,1.7066152,0.4533847904205319,0.4533847904205319
2024-12-15,2.22,1.9519007,0.2680992794036867,0.2680992794036867
2024-12-16,2.2299999999999995,1.8091757,0.4208242702484126,0.4208242702484126
2024-12-17,2.25,1.8977485,0.3522515296936035,0.3522515296936035
2024-12-18,2.6,1.8411541,0.7588459014892579,0.7588459014892579
2024-12-19,2.7200000000000006,1.9931968,0.7268031549453742,0.7268031549453742
2024-12-20,2.44,2.0467198,0.39328021049499506,0.39328021049499506
2024-12-21,2.1599999999999997,1.8061069,0.35389307498931855,0.35389307498931855
2024-12-22,1.71,1.7741537,-0.06415370941162113,0.06415370941162113
2024-12-23,0.95,1.5163244,-0.5663244009017945,0.5663244009017945
2024-12-24,1.07,1.2991645,-0.22916453361511224,0.22916453361511224
2024-12-25,1.4,1.3571191,0.042880916595458896,0.042880916595458896
2024-12-26,1.48,1.4505112,0.029488782882690412,0.029488782882690412
2024-12-27,1.2,1.5148367,-0.31483666896820073,0.31483666896820073
2024-12-28,1.7599999999999998,1.4815655,0.2784345245361326,0.2784345245361326
2024-12-29,1.8799999999999997,1.7911831,0.08881688594818082,0.08881688594818082
2024-12-30,1.3499999999999999,1.7900819,-0.44008185863494886,0.44008185863494886
2024-12-31,0.89,1.6325676,-0.7425676441192627,0.7425676441192627
